Metric,Score
Accuracy,0.999
Precision,0.9928571428571429
Recall,0.9928571428571429
F1 Score,0.9928571428571429
ROC-AUC,0.9999961597542243
