Model,Accuracy,Precision,Recall,F1-Score,ROC-AUC
Logistic Regression,0.9995,0.9929078014184397,1.0,0.99644128113879,1.0
Random Forest,0.999,0.9928571428571429,0.9928571428571429,0.9928571428571429,0.9999961597542243
K-Nearest Neighbors,0.9985,1.0,0.9785714285714285,0.9891696750902527,0.9999807987711213
Decision Tree,0.997,0.9652777777777778,0.9928571428571429,0.9788732394366197,0.9950844854070661
Baseline (Dummy),0.93,0.0,0.0,0.0,0.5
