Temperature,Pressure,Vibration,Speed,ToolWear,Humidity,Power,Shift,MachineID,Actual,Predicted,Prediction_Probability
74.35256531777738,1.4380877425029135,20.138800289532472,102.10820480281808,70.9636288258925,49.057281356132,55.32956341186274,Night,Machine_C,0,1,0.54
82.37339370416836,,22.22308357743717,85.4705169790303,89.7890580739282,52.185906127005765,68.24721626960493,Night,Machine_B,1,0,0.45
